,value_eur
0,1088054.1
1,349650.2
2,261529.98
3,1097592.2
4,552127.25
5,1230529.5
6,4867960.0
7,1627428.2
8,891083.3
9,691430.2
10,3084711.2
11,497023.22
12,24650542.0
13,1599725.4
14,3247055.5
15,253760.94
16,625808.8
17,189141.17
18,303179.22
19,463516.5
20,11139048.0
21,34613572.0
22,59633.004
23,666431.25
24,1609198.4
25,1807644.1
26,36750924.0
27,612785.2
28,55964870.0
29,464112.3
30,349703.22
31,751295.25
32,1828505.6
33,25923380.0
34,574344.44
35,18892620.0
36,547601.25
37,574650.2
38,497064.47
39,224134.78
40,453600.28
41,1304695.5
42,663627.94
43,682498.1
44,447255.75
45,2011931.9
46,2884264.0
47,3217739.5
48,2575721.2
49,3757361.8
50,380547.56
51,1200980.4
52,941102.5
53,956825.7
54,474412.1
55,1196351.9
56,249030.8
57,851041.0
58,498212.97
59,1897658.6
60,765745.8
61,1084722.1
62,14794606.0
63,1489868.5
64,1857975.4
65,670682.0
66,1908400.9
67,442517.88
68,1827017.1
69,633235.75
70,1279359.1
71,696991.4
72,1172725.6
73,230955.83
74,2495608.2
75,492694.66
76,172270.92
77,275463.4
78,8663202.0
79,59225.215
80,590205.1
81,2495608.2
82,331407.25
83,892225.4
84,5550310.5
85,3122898.0
86,3429721.2
87,605114.9
88,526090.4
89,29947896.0
90,1535403.9
91,451529.47
92,326487.12
93,90295.016
94,3230620.0
95,6701270.0
96,3536089.2
97,2111795.0
98,577427.1
99,6524284.0
100,6129032.5
101,278847.94
102,1093169.2
103,240942.28
104,227100.81
105,8830859.0
106,923966.44
107,297835.94
108,11043723.0
109,332299.1
110,1015822.44
111,2611452.0
112,209823.44
113,1220445.9
114,907600.94
115,645529.44
116,327935.7
117,708978.2
118,576422.5
119,1034119.6
120,212030.1
121,1437177.1
122,654240.3
123,2402061.5
124,375696.75
125,303198.6
126,2705652.2
127,1171823.5
128,823084.44
129,1293552.5
130,328384.16
131,555745.44
132,215407.52
133,692795.2
134,2190880.2
135,5532891.5
136,522782.94
137,976198.1
138,1513193.4
139,128681.62
140,225877.19
141,554123.9
142,451548.4
143,10319536.0
144,2774851.8
145,1226603.2
146,828494.75
147,1365379.4
148,440241.47
149,270949.2
150,2190134.5
151,252845.88
152,236827.05
153,919379.94
154,2214390.0
155,1329422.5
156,202250.66
157,1022648.94
158,31110488.0
159,756477.5
160,1199341.4
161,1138356.5
162,1003755.1
163,822738.3
164,1611686.5
165,981301.06
166,230915.08
167,106914.18
168,1164405.4
169,2991530.0
170,243007.86
171,2186839.0
172,20512478.0
173,1332772.5
174,3387559.8
175,2094757.5
176,422825.28
177,828264.1
178,1445733.1
179,4646865.5
180,3889060.5
181,494968.9
182,552245.75
183,836876.56
184,273726.9
185,488520.25
186,522704.16
187,630273.3
188,6120259.5
189,60064.676
190,895433.9
191,2000504.0
192,1201921.1
193,7981646.5
194,2611452.0
195,1902364.4
196,503736.84
197,600795.3
198,1531567.9
199,304854.75
200,1520930.8
201,1322831.0
202,4167115.8
203,1601691.6
204,669554.0
205,8689970.0
206,2300272.5
207,1003755.1
208,1299091.0
209,9436941.0
210,222634.8
211,1905956.4
212,2107061.5
213,1295139.9
214,605739.56
215,196948.28
216,150206.23
217,322810.25
218,5794379.5
219,747355.56
220,679779.6
221,750279.94
222,1381297.5
223,1637269.9
224,539961.0
225,1186471.2
226,1203920.6
227,2715130.8
228,3744091.2
229,758520.5
230,1751522.6
231,854194.3
232,2441513.0
233,1880113.4
234,994635.9
235,2593258.0
236,1598099.9
237,21145538.0
238,1011458.9
239,3009603.8
240,12461016.0
241,255996.95
242,528457.75
243,515519.9
244,573801.4
245,303375.62
246,2761138.0
247,1398198.4
248,951004.4
249,575773.6
250,1516089.6
251,904141.0
252,3091411.0
253,204081.05
254,10554831.0
255,131883.7
256,298952.3
257,1012950.25
258,3510957.8
259,427190.94
260,6605145.0
261,865952.1
262,4169099.2
263,3633156.8
264,695573.7
265,22802850.0
266,609832.3
267,209520.69
268,3821503.0
269,2438034.5
270,1610667.8
271,2344820.5
272,728854.2
273,546111.8
274,115806.78
275,302374.2
276,6138368.5
277,30477292.0
278,59961.082
279,107125.04
280,1047905.25
281,3625694.2
282,775397.56
283,1966645.5
284,2905602.2
285,1467080.8
286,181452.4
287,350420.0
288,2969592.0
289,14887254.0
290,2270403.2
291,1300728.6
292,428357.28
293,68481240.0
294,6003205.5
295,577864.56
296,1808811.6
297,3565186.2
298,272278.53
299,24987206.0
300,470632.22
301,4283020.5
302,251206.92
303,1402802.2
304,952800.0
305,653553.75
306,20854588.0
307,5864902.0
308,2113271.8
309,354721.1
310,169072.17
311,12823558.0
312,1900107.0
313,1828505.6
314,83407300.0
315,725982.94
316,2705389.2
317,214293.69
318,877987.3
319,697161.56
320,223471.84
321,1201921.1
322,1879690.2
323,1176026.2
324,210007.0
325,119616.88
326,600795.3
327,2214390.0
328,1785933.8
329,13903416.0
330,1505548.5
331,190368.66
332,510133.8
333,1618181.1
334,1201620.8
335,237843.55
336,897964.3
337,503219.25
338,221365.12
339,2709489.2
340,8993189.0
341,830996.9
342,2691459.2
343,2506346.0
344,371976.12
345,3023115.2
346,1338361.5
347,979976.8
348,837377.94
349,1521682.2
350,4914086.5
351,720572.4
352,2085781.0
353,5519131.5
354,553570.3
355,954289.56
356,547606.0
357,764902.8
358,4131841.0
359,1607635.4
360,14563209.0
361,555527.6
362,750882.7
363,1396339.5
364,978520.9
365,824838.3
366,2531678.2
367,2101202.0
368,3454159.2
369,2324014.0
370,1805671.4
371,1093680.2
372,6349065.5
373,423733.12
374,471630.56
375,1017605.56
376,302088.84
377,12884532.0
378,1202513.9
379,100837.5
380,140353.52
381,2124345.0
382,4277301.5
383,527551.9
384,2711174.8
385,577714.1
386,3192638.0
387,527192.3
388,2588262.2
389,2321083.5
390,549810.06
391,592264.8
392,892026.25
393,2599884.5
394,37346756.0
395,2680017.8
396,1323540.1
397,481321.78
398,328817.25
399,1387433.9
400,854194.3
401,1491900.2
402,130395.44
403,1314959.6
404,180220.88
405,8402551.0
406,883724.8
407,592540.56
408,3328488.8
409,1517119.4
410,4497376.5
411,2128112.5
412,1154094.0
413,173062.31
414,4318791.0
415,999843.75
416,504857.44
417,104765.99
418,800177.7
419,2249508.2
420,1366463.1
421,706177.1
422,710827.1
423,1199341.4
424,10437954.0
425,129330.11
426,1102080.4
427,917443.4
428,30003068.0
429,2912727.0
430,851041.0
431,244617.81
432,302113.3
433,1130326.4
434,973587.44
435,6157993.5
436,293103.5
437,857995.6
438,3396122.0
439,646533.06
440,160778.2
441,1274540.2
442,2758151.0
443,227100.81
444,1091377.6
445,1283729.6
446,1805955.5
447,2313717.5
448,518441.1
449,275263.8
450,300057.72
451,412034.75
452,976507.3
453,136315.12
454,3101273.8
455,457591.5
456,111566.18
457,1612948.9
458,1346985.5
459,2981456.2
460,393848.16
461,16649893.0
462,140145.27
463,2179946.8
464,302299.5
465,193787.08
466,279555.94
467,1094749.9
468,3558307.8
469,2826686.8
470,3652556.2
471,148870.55
472,7507214.0
473,766476.44
474,734352.2
475,1512958.1
476,771547.8
477,897964.3
478,782503.75
479,1404045.6
480,299974.16
481,892823.75
482,906432.3
483,523866.44
484,643613.4
485,1867251.4
486,835131.3
487,316962.56
488,12884532.0
489,5944673.0
490,10513742.0
491,398812.75
492,929754.3
493,130624.83
494,721722.94
495,3257237.5
496,129330.11
497,733046.5
498,1000714.7
499,595128.06
500,271076.62
501,2410789.0
502,224134.78
503,698959.7
504,1275925.5
505,770095.2
506,2206800.5
507,4994157.5
508,11394723.0
509,377114.66
510,526314.2
511,1474994.5
512,727876.2
513,4699592.5
514,946817.2
515,999106.94
516,333785.84
517,759350.6
518,238679.52
519,219265.31
520,1704145.0
521,1986945.4
522,2418538.0
523,1889676.4
524,1218101.6
525,22766390.0
526,726892.56
527,1402584.2
528,525490.6
529,542449.8
530,171536.47
531,1904542.8
532,242378.08
533,138824.22
534,2318340.2
535,1121513.0
536,308548.9
537,3011584.8
538,556852.6
539,573705.6
540,663981.2
541,572769.7
542,500856.94
543,52795.684
544,1204179.0
545,345316.72
546,669554.0
547,926368.06
548,501504.6
549,1476289.1
550,621668.1
551,1014919.0
552,1524453.8
553,7344466.0
554,196187.36
555,6988776.0
556,370763.12
557,973587.44
558,385376.44
559,38128856.0
560,1383306.5
561,2085781.0
562,403604.28
563,5581011.0
564,796688.0
565,848565.1
566,332102.34
567,1291406.5
568,523061.22
569,1313138.9
570,748317.7
571,1308835.5
572,2303420.5
573,520026.7
574,672448.4
575,845091.6
576,571373.56
577,2251882.2
578,297096.38
579,246188.19
580,66338852.0
581,924315.44
582,1032758.56
583,2256310.5
584,66887600.0
585,1088486.9
586,185649.36
587,770712.4
588,841841.9
589,30347588.0
590,1017013.75
591,325757.5
592,730958.5
593,112868.484
594,11982134.0
595,2774851.8
596,1493584.4
597,448806.34
598,545454.44
599,1502967.8
600,760401.44
601,682508.5
602,244170.08
603,581613.6
604,1329422.5
605,470325.3
606,1000714.7
607,225427.2
608,1007883.6
609,1391451.5
610,335037.28
611,1300531.4
612,995555.44
613,519666.75
614,146486.9
615,2715421.0
616,625977.7
617,948086.7
618,2237774.0
619,240094.5
620,1104839.6
621,71461.87
622,217782.33
623,884515.75
624,1510379.1
625,988544.94
626,365131.94
627,116261.7
628,345940.34
629,301303.94
630,1126232.1
631,89503.0
632,8464602.0
633,14805671.0
634,453486.53
635,326421.12
636,339744.6
637,512892.4
638,997542.7
639,1206055.8
640,20768450.0
641,1074702.2
642,888943.56
643,1307630.2
644,743872.75
645,4056087.8
646,581418.44
647,500288.84
648,1406761.1
649,576596.25
650,390664.34
651,1001549.2
652,249657.39
653,14282539.0
654,1800232.9
655,1306408.6
656,1027287.1
657,907600.94
658,3071853.0
659,1458220.4
660,865952.1
661,1539841.1
662,633367.44
663,805130.25
664,576493.94
665,940449.4
666,4124207.5
667,572623.3
668,6005043.5
669,381190.1
670,585132.0
671,502498.94
672,1605182.6
673,1108441.6
674,4054738.0
675,295052.1
676,839050.25
677,274698.94
678,30721484.0
679,630875.9
680,1099762.2
681,601285.4
682,571973.25
683,274934.28
684,1091825.2
685,271628.06
686,2292959.2
687,633235.75
688,1636007.1
689,383063.6
690,271439.03
691,478363.3
692,274340.53
693,14194981.0
694,476053.22
695,3943942.5
696,976581.8
697,4177744.0
698,349430.53
699,4017256.5
700,3681800.5
701,903442.0
702,109696.734
703,1910566.1
704,716386.5
705,633235.75
706,672722.25
707,724994.9
708,1630047.1
709,16580427.0
710,804356.7
711,65145270.0
712,268778.1
713,502377.72
714,321472.9
715,674445.1
716,15076508.0
717,2507127.8
718,649576.25
719,7160660.5
720,1381297.5
721,527551.9
722,550221.8
723,3932660.0
724,1075411.8
725,95705.984
726,738759.94
727,633212.8
728,463644.7
729,1415874.4
730,4616092.5
731,178331.64
732,1893060.2
733,1104420.4
734,2490318.2
735,1767520.6
736,897353.06
737,591843.6
738,1295379.5
739,303287.66
740,694314.44
741,773899.3
742,732236.7
743,1429598.6
744,275044.97
745,385665.06
746,570820.2
747,1598099.9
748,12117480.0
749,554972.7
750,398553.8
751,828264.1
752,441483.03
753,297507.78
754,44247710.0
755,3554824.5
756,454028.3
757,751775.44
758,1598947.5
759,2999014.2
760,1366463.1
761,721722.94
762,375696.75
763,608359.8
764,10602833.0
765,1526896.6
766,199827.44
767,368681.4
768,978520.9
769,313560.34
770,2529559.2
771,110644.55
772,2290251.5
773,1495123.5
774,835954.44
775,1199179.0
776,817812.4
777,527649.0
778,1498285.1
779,642530.3
780,237946.55
781,239697.11
782,1319416.6
783,1415288.5
784,3961244.5
785,1516089.6
786,395987.75
787,791931.56
788,1108116.1
789,226823.33
790,4124207.5
791,1490741.1
792,1411760.6
793,762367.75
794,1398329.0
795,511319.34
796,751295.25
797,2190880.2
798,1300918.4
799,5711149.0
800,3565574.0
801,4198365.0
802,179460.39
803,451639.28
804,724254.06
805,219287.47
806,112260.02
807,1401228.5
808,2810832.0
809,1010750.1
810,3594498.8
811,306039.75
812,4193403.2
813,515519.9
814,527649.0
815,2023873.0
816,764173.0
817,595939.7
818,470196.6
819,53383.61
820,477058.53
821,813733.4
822,3688734.5
823,2290625.0
824,6529980.0
825,200453.31
826,3070564.2
827,1094085.0
828,622818.75
829,129821.06
830,979342.44
831,1298011.1
832,2185075.2
833,2139538.8
834,581613.6
835,829573.2
836,774630.4
837,14036269.0
838,2515822.0
839,462406.06
840,618835.3
841,879359.06
842,27706098.0
843,302436.78
844,1066523.9
845,602478.7
846,1391711.6
847,11062592.0
848,398553.8
849,2023915.4
850,2147580.8
851,1019004.0
852,115692.195
853,1186505.2
854,2722351.8
855,11983231.0
856,5982550.5
857,74243.81
858,4407900.0
859,890531.1
860,1505548.5
861,703214.06
862,1399213.5
863,1199565.6
864,2382011.8
865,1999660.9
866,403604.28
867,1599725.4
868,2922928.2
869,188993.5
870,6531474.5
871,1319045.4
872,3699102.2
873,351709.97
874,1883171.1
875,748605.4
876,778637.3
877,503751.28
878,3091461.2
879,652899.0
880,1201507.4
881,600214.0
882,1175466.8
883,996460.7
884,1203357.0
885,1017605.56
886,1440408.5
887,1390444.8
888,956299.3
889,1730801.4
890,1536744.2
891,208701.25
892,219068.62
893,1019652.44
894,121602.484
895,521476.8
896,571142.56
897,4069191.0
898,3163113.5
899,1199864.2
900,350984.56
901,1401995.8
902,997094.7
903,2826686.8
904,590004.2
905,1920540.5
906,543338.75
907,784247.44
908,1172502.0
909,1016763.56
910,505717.12
911,849021.7
912,220030.31
913,13559472.0
914,1497798.0
915,555448.7
916,399581.75
917,593111.56
918,923608.75
919,31695660.0
920,10083061.0
921,137365.14
922,692711.25
923,326457.56
924,6981388.5
925,1684980.2
926,3346602.8
927,14863052.0
928,1123872.8
929,738759.94
930,59961.082
931,212030.1
932,709517.25
933,515121.8
934,308379.47
935,452662.53
936,466483.22
937,1202437.0
938,4976561.5
939,4239731.5
940,3699102.2
941,3147964.5
942,809564.4
943,1536332.5
944,430842.94
945,375183.66
946,1011764.7
947,231517.5
948,1932845.8
949,906432.3
950,34095924.0
951,1496500.1
952,1007713.5
953,848565.1
954,1610346.8
955,834902.0
956,701902.1
957,988854.2
958,1073306.1
959,3489457.2
960,842776.1
961,1504687.2
962,1811871.0
963,937876.1
964,973158.6
965,1593490.1
966,321199.88
967,639855.06
968,264499.28
969,669338.9
970,6175154.0
971,334429.16
972,278962.03
973,602335.7
974,822738.3
975,3303502.8
976,186857.75
977,479568.28
978,2682963.8
979,327289.25
980,68675.49
981,705111.1
982,996253.5
983,1887405.2
984,534283.9
985,927221.9
986,1295800.9
987,1834636.6
988,294406.2
989,989807.1
990,2680017.8
991,1120119.1
992,668698.3
993,2088854.5
994,2297753.2
995,477291.5
996,1974903.9
997,109719.76
998,228971.73
999,3821503.0
1000,901806.44
1001,1688150.5
1002,959589.06
1003,511167.22
1004,10960895.0
1005,548628.94
1006,624616.3
1007,803943.3
1008,327478.16
1009,1695339.8
1010,721689.94
1011,12018481.0
1012,1295800.9
1013,429752.6
1014,2682099.0
1015,757217.3
1016,229910.22
1017,4234821.5
1018,1396968.1
1019,1598099.9
1020,1736243.8
1021,775828.8
1022,2490779.0
1023,363074.56
1024,3267046.8
1025,982178.4
1026,1621044.9
1027,181965.52
1028,2021386.5
1029,8387419.5
1030,1590212.6
1031,457601.53
1032,373694.22
1033,802531.5
1034,2270403.2
1035,854194.3
1036,971390.4
1037,549094.3
1038,428437.38
1039,1007713.5
1040,293529.25
1041,327355.75
1042,1869642.8
1043,1300457.0
1044,1185542.8
1045,3088461.2
1046,1788903.1
1047,894925.94
1048,828494.75
1049,237678.25
1050,299337.2
1051,1415175.1
1052,2019386.5
1053,802975.56
1054,668222.06
1055,492824.84
1056,3517476.2
1057,200541.64
1058,328804.7
1059,1402025.2
1060,141462.44
1061,1322064.1
1062,243842.44
1063,2347628.5
1064,555686.6
1065,149526290.0
1066,501618.44
1067,1203959.6
1068,1102580.9
1069,998770.7
1070,34915204.0
1071,5488206.0
1072,2382493.5
1073,424308.16
1074,958916.7
1075,628170.06
1076,147784.58
1077,3996461.2
1078,2380277.0
1079,488283.2
1080,400335.1
1081,422315.9
1082,1723718.2
1083,859660.75
1084,378548.4
1085,1193450.5
1086,761380.3
1087,330150.78
1088,477499.56
1089,409256.6
1090,249657.39
1091,804356.7
1092,1445571.9
1093,4474220.0
1094,1205614.2
1095,2615115.5
1096,954060.25
1097,644908.56
1098,167597.81
1099,6640913.5
1100,976507.3
1101,1497636.5
1102,544015.94
1103,384672.9
1104,830409.06
1105,2400282.2
1106,996253.5
1107,645282.6
1108,346923.56
1109,18522752.0
1110,2939670.5
1111,448569.72
1112,17044572.0
1113,2641640.2
1114,698056.4
1115,2394082.2
1116,364719.88
1117,71784560.0
1118,476597.4
1119,824555.94
1120,638564.56
1121,1199341.4
1122,501307.56
1123,627412.7
1124,906432.3
1125,762404.1
1126,717909.6
1127,12662947.0
1128,173571.73
1129,1384936.8
1130,3086585.8
1131,359862.78
1132,598300.6
1133,10742272.0
1134,765380.06
1135,1906572.6
1136,188993.5
1137,1826283.6
1138,2436770.0
1139,1510379.1
1140,751897.3
1141,2087689.5
1142,2000811.1
1143,3009603.8
1144,362534.12
1145,9914136.0
1146,4017214.2
1147,697754.9
1148,998770.7
1149,1289324.4
1150,1408273.9
1151,801132.1
1152,452993.78
1153,236054.08
1154,178576.89
1155,1206216.9
1156,982445.4
1157,993271.8
1158,411999.0
1159,473869.5
1160,927657.0
1161,531129.0
1162,12691697.0
1163,5085815.0
1164,34662596.0
1165,920810.2
1166,857517.9
1167,193024.77
1168,470444.66
1169,112475.1
1170,354940.72
1171,2237774.0
1172,165043.02
1173,3008011.2
1174,1600282.4
1175,277124.47
1176,1991464.1
1177,234648.36
1178,3793615.8
1179,1679621.8
1180,1293413.1
1181,6545767.0
1182,453486.53
1183,159542.22
1184,24984156.0
1185,1493080.2
1186,483684.2
1187,1370515.5
1188,351253.1
1189,600795.3
1190,188670.78
1191,572623.3
1192,1597193.4
1193,1605462.9
1194,1862835.0
1195,1203959.6
1196,548195.4
1197,241259.12
1198,557495.06
1199,547438.9
1200,598095.25
1201,2810832.0
1202,9595777.0
1203,472886.7
1204,951004.4
1205,499446.97
1206,4574844.0
1207,573400.94
1208,1828505.6
1209,5533920.5
1210,476225.75
1211,201235.94
1212,348831.88
1213,293529.25
1214,492824.84
1215,96233.26
1216,754816.44
1217,1490741.1
1218,422503.22
1219,540602.0
1220,2640731.0
1221,865952.1
1222,375026.97
1223,854194.3
1224,271265.12
1225,976507.3
1226,1550481.9
1227,714234.94
1228,767000.75
1229,6891582.5
1230,19205552.0
1231,2876786.5
1232,601070.94
1233,698325.4
1234,394885.8
1235,21074312.0
1236,2214390.0
1237,2376883.5
1238,986795.75
1239,1604855.1
1240,14389946.0
1241,699185.7
1242,2201203.0
1243,126722.34
1244,2573099.2
1245,326924.88
1246,865905.9
1247,9435195.0
1248,1803102.2
1249,653553.75
1250,1493142.9
1251,574620.06
1252,1219586.0
1253,1896593.0
1254,2139037.0
1255,988544.94
1256,2307822.5
1257,5509077.0
1258,1386129.9
1259,723273.25
1260,239778.72
1261,104713.65
1262,302409.94
1263,1537524.1
1264,3250035.8
1265,577864.56
1266,8258353.0
1267,948056.8
1268,1095100.6
1269,2120244.2
1270,3514083.0
1271,854839.7
1272,378253.6
1273,2237774.0
1274,2407457.8
1275,2413715.2
1276,47418.53
1277,397999.66
1278,2677425.0
1279,970355.2
1280,998986.9
1281,1819925.5
1282,2242585.2
1283,10108711.0
1284,3525516.0
1285,1080441.6
1286,1375541.0
1287,1896593.0
1288,448172.9
1289,1100996.2
1290,273818.53
1291,288952.03
1292,751728.9
1293,999840.9
1294,1176026.2
1295,1784976.8
1296,110218.33
1297,896270.3
1298,1304190.4
1299,476614.7
1300,16019836.0
1301,1011458.9
1302,1516589.9
1303,553739.8
1304,11082592.0
1305,3250035.8
1306,802298.9
1307,257682.89
1308,5645435.5
1309,824029.25
1310,1407523.2
1311,985683.1
1312,301962.38
1313,179253.42
1314,1209595.5
1315,270244.16
1316,997542.7
1317,4603475.5
1318,798578.25
1319,37090276.0
1320,1605182.6
1321,912670.75
1322,1199341.4
1323,448025.88
1324,221747.78
1325,552749.5
1326,946469.6
1327,3884775.2
1328,329691.44
1329,239697.11
1330,998570.7
1331,295443.78
1332,643613.4
1333,595197.3
1334,1219052.2
1335,326405.88
1336,1014919.0
1337,815234.06
1338,1610667.8
1339,697161.56
1340,17147810.0
1341,9768030.0
1342,234466.94
1343,923880.94
1344,1080767.4
1345,2828240.0
1346,1591620.5
1347,495572.06
1348,754816.44
1349,766476.44
1350,894925.94
1351,1703818.4
1352,1092467.9
1353,5609018.5
1354,1857975.4
1355,189373.83
1356,401252.06
1357,396708.2
1358,1087835.1
1359,3023772.5
1360,7415232.0
1361,589311.94
1362,423328.4
1363,1000721.4
1364,1694908.1
1365,2445647.2
1366,1177167.4
1367,589311.94
1368,635182.1
1369,2691459.2
1370,669142.94
1371,1079078.2
1372,796145.7
1373,1752237.6
1374,717027.6
1375,427709.47
1376,948086.7
1377,713183.3
1378,951238.4
1379,1007713.5
1380,1638721.0
1381,213106.75
1382,28684386.0
1383,8125521.0
1384,488398.22
1385,212030.1
1386,252431.95
1387,320232.12
1388,150065.34
1389,3693948.2
1390,41554356.0
1391,1792421.0
1392,1009877.2
1393,891393.56
1394,2998325.0
1395,327434.12
1396,1289698.2
1397,1518968.1
1398,1126975.6
1399,1001549.2
1400,515121.8
1401,3103581.5
1402,10085793.0
1403,1530483.0
1404,2323464.2
1405,315217.16
1406,553823.25
1407,820930.2
1408,173741.83
1409,643110.9
1410,1510726.2
1411,572888.25
1412,3109429.8
1413,651235.5
1414,4026074.0
1415,1677897.4
1416,236509.72
1417,1943179.2
1418,316914.5
1419,924839.2
1420,488182.12
1421,870064.6
1422,198798.55
1423,823618.4
1424,503398.78
1425,554649.4
1426,5581011.0
1427,4675430.0
1428,1466389.8
1429,105656.79
1430,1166963.4
1431,2303284.2
1432,1101935.4
1433,11855035.0
1434,1599725.4
1435,12165440.0
1436,688125.25
1437,1089714.5
1438,1300728.6
1439,198059.38
1440,20138574.0
1441,1398198.4
1442,19947164.0
1443,1887405.2
1444,1518968.1
1445,824555.94
1446,979976.8
1447,1719994.0
1448,5469646.5
1449,1818749.1
1450,448927.9
1451,111906.1
1452,2529742.5
1453,2423828.0
1454,701003.75
1455,211561.89
1456,892823.75
1457,768161.7
1458,3184956.2
1459,849664.0
1460,1815219.4
1461,1309334.9
1462,919685.94
1463,1118414.5
1464,1600584.5
1465,2483068.5
1466,1495810.9
1467,2109753.8
1468,1047905.25
1469,1917914.0
1470,175314.55
1471,447255.75
1472,1577562.1
1473,1114771.5
1474,530472.5
1475,834902.0
1476,17101200.0
1477,713469.75
1478,1594361.1
1479,654905.1
1480,1283729.6
1481,3112340.0
1482,2958663.5
1483,90177.46
1484,1520578.4
1485,208955.17
1486,1014020.25
1487,2487728.5
1488,3140752.5
1489,372604.94
1490,105384.875
1491,2677425.0
1492,2308617.2
1493,565258.9
1494,521790.72
1495,480934.5
1496,1827221.0
1497,492573.44
1498,2201203.0
1499,897964.3
1500,2732146.8
1501,10476829.0
1502,598095.25
1503,6941164.5
1504,881321.94
1505,2088854.5
1506,553931.0
1507,1314959.6
1508,1298313.1
1509,53849.023
1510,550221.8
1511,887232.75
1512,525656.06
1513,1501275.9
1514,3799872.5
1515,16752178.0
1516,932432.44
1517,519924.53
1518,16762534.0
1519,1813075.8
1520,769951.3
1521,4664728.0
1522,308174.25
1523,908999.0
1524,143214.2
1525,424864.12
1526,997542.7
1527,2611728.5
1528,521476.8
1529,880016.8
1530,668222.06
1531,492824.84
1532,40271484.0
1533,946469.6
1534,876642.8
1535,762367.75
1536,66826.375
1537,9197803.0
1538,232363.8
1539,472538.66
1540,179125.42
1541,2085635.9
1542,3384518.0
1543,372604.94
1544,1134702.8
1545,952672.8
1546,538690.06
1547,1020811.2
1548,59961.082
1549,231047.03
1550,1012802.5
1551,159468.75
1552,1391658.6
1553,475364.1
1554,2071686.0
1555,694001.3
1556,25164744.0
1557,16332434.0
1558,392250.97
1559,2887453.8
1560,549494.0
1561,2115707.8
1562,2481137.0
1563,872932.0
1564,112598.305
1565,849021.7
1566,449056.38
1567,350104.3
1568,2481137.0
1569,527687.25
1570,986795.75
1571,1186383.0
1572,2084283.8
1573,932253.7
1574,854194.3
1575,642530.3
1576,28378606.0
1577,178330.97
1578,3223615.2
1579,1295115.2
1580,518833.34
1581,1951048.8
1582,902279.56
1583,5922462.5
1584,1101941.6
1585,298126.38
1586,760299.94
1587,450432.75
1588,1801618.9
1589,1320724.6
1590,361052.53
1591,484436.66
1592,450483.44
1593,2706669.2
1594,241934.22
1595,4645930.5
1596,171120.14
1597,2775804.5
1598,1491281.5
1599,623627.6
1600,42786184.0
1601,7393998.0
1602,31179278.0
1603,452527.44
1604,7339536.5
1605,1922376.6
1606,892072.2
1607,3090910.0
1608,151373.06
1609,289619.7
1610,6485110.0
1611,499929.72
1612,1610634.0
1613,1092250.1
1614,2909822.8
1615,1387799.1
1616,277203.5
1617,847247.06
1618,2913646.5
1619,2051253.8
1620,143068.0
1621,970034.1
1622,477321.1
1623,2738104.5
1624,549810.06
1625,345939.03
1626,9159306.0
1627,727096.4
1628,372698.4
1629,2500837.8
1630,1598099.9
1631,492824.84
1632,960806.06
1633,357374.7
1634,1174990.4
1635,2513802.5
1636,894837.2
1637,532136.44
1638,115806.78
1639,7930726.0
1640,107667.36
1641,322329.4
1642,2289238.2
1643,591427.8
1644,109939.71
1645,1854551.8
1646,2267196.8
1647,2237774.0
1648,6983226.5
1649,7805277.5
1650,552000.4
1651,1789384.4
1652,828190.6
1653,980733.2
1654,344595.6
1655,5198156.0
1656,582393.5
1657,2544300.5
1658,1218101.6
1659,1256042.2
1660,103668.14
1661,668698.3
1662,624206.0
1663,1259445.1
1664,2727744.2
1665,4478685.5
1666,6482618.0
1667,1199864.2
1668,229448.05
1669,213059.81
1670,640304.3
1671,2270403.2
1672,109690.56
1673,1108773.6
1674,572177.3
1675,1027475.25
1676,270719.56
1677,777855.75
1678,449706.5
1679,782233.7
1680,1300257.2
1681,739544.5
1682,329566.0
1683,4985677.5
1684,393101.03
1685,1100643.5
1686,555279.25
1687,2682981.8
1688,824571.7
1689,1300732.4
1690,1290238.2
1691,5828736.5
1692,645529.44
1693,347441.4
1694,417973.75
1695,554495.0
1696,1308835.5
1697,892225.4
1698,916235.0
1699,588238.94
1700,3589227.0
1701,1001549.2
1702,1300257.2
1703,774931.8
1704,774931.8
1705,1018835.94
1706,753639.7
1707,1317866.0
1708,349424.2
1709,123866.87
1710,676560.06
1711,1769686.4
1712,1857975.4
1713,762404.1
1714,717027.6
1715,1262727.2
1716,991319.56
1717,1966645.5
1718,1332772.5
1719,1186775.8
1720,1597926.1
1721,1333749.1
1722,2975772.2
1723,1916793.1
1724,398553.8
1725,887145.56
1726,5415335.0
1727,519708.88
1728,2120244.2
1729,889063.1
1730,176713.16
1731,624348.3
1732,272399.56
1733,487231.44
1734,577920.75
1735,370763.12
1736,680995.56
1737,2380658.2
1738,828954.75
1739,385053.53
1740,1027287.1
1741,824555.94
1742,502498.94
1743,988544.94
1744,239149.56
1745,683211.2
1746,305907.56
1747,2586535.0
1748,1261938.8
1749,476889.3
1750,1488952.2
1751,1733275.9
1752,1176026.2
1753,54594360.0
1754,3633156.8
1755,393848.16
1756,549612.44
1757,1354282.4
1758,229040.1
1759,159235.31
1760,3564159.5
1761,3181456.0
1762,123279.266
1763,1604270.5
1764,623627.6
1765,526060.75
1766,497256.0
1767,5322386.0
1768,1408273.9
1769,499262.7
1770,22046296.0
1771,790695.44
1772,1497872.2
1773,130206.93
1774,2080572.0
1775,2398184.0
1776,1082859.6
1777,52568716.0
1778,1096045.1
1779,15560696.0
1780,423676.16
1781,322922.94
1782,682498.1
1783,5094834.5
1784,227100.81
1785,266418.5
1786,3859159.8
1787,1921383.1
1788,2310771.2
1789,271265.12
1790,3984131.8
1791,942634.0
1792,859259.1
1793,824555.94
1794,145890.62
1795,933201.94
1796,188887.9
1797,1450352.5
1798,630273.3
1799,949581.56
1800,268329.62
1801,982533.44
1802,470007.84
1803,276123.56
1804,5319417.5
1805,597045.5
1806,806386.6
1807,303287.66
1808,1970000.0
1809,705343.9
1810,1586056.6
1811,585132.0
1812,575674.25
1813,372604.94
1814,1309866.9
1815,1397637.1
1816,369636.88
1817,427230.47
1818,253833.31
1819,323374.12
1820,694358.2
1821,1332772.5
1822,2061614.6
1823,1587922.8
1824,1630047.1
1825,15864153.0
1826,119940.95
1827,1247140.4
1828,214866.27
1829,451546.7
1830,851672.7
1831,890714.6
1832,347713.88
1833,3177011.2
1834,4901374.5
1835,762367.75
1836,1981537.1
1837,555220.44
1838,348452.8
1839,369694.72
1840,3702861.0
1841,345687.06
1842,799341.75
1843,2545706.0
1844,525511.2
1845,176654.84
1846,702244.3
1847,3127297.0
1848,954289.56
1849,1289324.4
1850,129949.766
1851,1176026.2
1852,228429.08
1853,99599.61
1854,201645.72
1855,16255236.0
1856,2569403.8
1857,244393.48
1858,579373.2
1859,854839.7
1860,327727.16
1861,5968657.0
1862,1382871.2
1863,555616.1
1864,391517.3
1865,694358.2
1866,526016.6
1867,504634.56
1868,270949.2
1869,978706.6
1870,10437636.0
1871,508582.78
1872,6827031.0
1873,883724.8
1874,117163.17
1875,768161.7
1876,723273.25
1877,179778.67
1878,2083705.4
1879,772611.06
1880,4144730.5
1881,190448.92
1882,1395649.9
1883,1004692.7
1884,1298180.8
1885,344571.94
1886,770095.2
1887,31386800.0
1888,625251.6
1889,3144610.0
1890,802636.4
1891,4245975.0
1892,903119.8
1893,1166963.4
1894,2525452.0
1895,2008462.0
1896,540740.7
1897,20961782.0
1898,2474235.0
1899,326152.9
1900,731538.0
1901,629497.8
1902,1729788.2
1903,396013.8
1904,1506174.6
1905,1105175.9
1906,4893518.5
1907,549283.4
1908,605191.0
1909,1591247.2
1910,994869.25
1911,33858924.0
1912,696186.9
1913,11225470.0
1914,901025.9
1915,1251717.1
1916,1882084.9
1917,90189.93
1918,1954117.6
1919,403604.28
1920,2052151.9
1921,2185627.5
1922,10437636.0
1923,2085635.9
1924,229501.66
1925,188656.94
1926,1022992.3
1927,2935888.2
1928,1916716.2
1929,716386.5
1930,349984.8
1931,800572.3
1932,1879690.2
1933,3607930.8
1934,9021536.0
1935,523453.94
1936,998979.3
1937,1626593.5
1938,1319791.6
1939,1395188.1
1940,614562.0
1941,837166.3
1942,3514083.0
1943,1087835.1
1944,18454094.0
1945,1541794.0
1946,748317.7
1947,547923.06
1948,1402584.2
1949,526175.2
1950,1092439.8
1951,974497.8
1952,993835.56
1953,4204199.0
1954,1332772.5
1955,844843.44
1956,2444959.2
1957,347924.2
1958,5109827.0
1959,398553.8
1960,2071842.0
1961,1598947.5
1962,4126824.0
1963,847332.7
1964,240571.69
1965,89336.96
1966,486741.47
1967,1608095.4
1968,635848.2
1969,574662.25
1970,3611259.5
1971,813733.4
1972,1424478.8
1973,2555211.2
1974,2034454.4
1975,858711.06
1976,1583230.6
1977,631058.8
1978,2693246.2
1979,1687099.5
1980,49938.82
1981,1406660.5
1982,436740.94
1983,331486.6
1984,1399688.6
1985,4407900.0
1986,696777.4
1987,1504393.1
1988,839570.5
1989,323235.06
1990,250920.33
1991,340276.06
1992,71083.47
1993,1017605.56
1994,539961.0
1995,644908.56
1996,1755413.9
1997,29790712.0
1998,1400597.9
1999,405921.12
2000,1099807.2
2001,149232.73
2002,10021936.0
2003,2705389.2
2004,2169674.0
2005,1105712.4
2006,5561501.0
2007,1972011.2
2008,903605.7
2009,1185906.9
2010,2255589.8
2011,354306.94
2012,1800595.1
2013,1894291.9
2014,1020272.0
2015,2450353.8
2016,833127.5
2017,1396058.5
2018,219265.31
2019,397088.97
2020,1002096.6
2021,324326.6
2022,228877.2
2023,240810.42
2024,127661420.0
2025,851609.3
2026,2304659.8
2027,567675.9
2028,478141.2
2029,1115321.4
2030,2901421.0
2031,1104039.1
2032,280442.22
2033,1397397.2
2034,1916142.4
2035,1596675.5
2036,550697.94
2037,659486.7
2038,1182779.2
2039,1014841.56
2040,1298011.1
2041,570581.25
2042,7459960.5
2043,523282.22
2044,404290.0
2045,241021.56
2046,1038073.0
2047,1313568.4
2048,693371.56
2049,1075411.8
2050,1654832.6
2051,2216354.8
2052,256772.05
2053,738476.06
2054,1486901.9
2055,733305.2
2056,111175.84
2057,525511.2
2058,1610634.0
2059,1601691.6
2060,402824.06
2061,267272.03
2062,576422.5
2063,898644.5
2064,80121.82
2065,494348.56
2066,1223834.0
2067,65228.594
2068,315962.38
2069,421651.06
2070,240047.8
2071,1883379.5
2072,399184.12
2073,2745305.2
2074,809682.5
2075,12695983.0
2076,1781784.5
2077,2165145.0
2078,560227.6
2079,2305042.2
2080,1394141.4
2081,4131841.0
2082,6644860.5
2083,553114.94
2084,503426.12
2085,328399.5
2086,624348.3
2087,2395432.0
2088,916547.0
2089,760240.44
2090,645980.25
2091,1915846.4
2092,1199341.4
2093,897290.56
2094,845040.06
2095,891083.3
2096,361026.72
2097,108501.984
2098,473869.5
2099,268638.44
2100,136937.56
2101,223518.53
2102,5385006.5
2103,467314.53
2104,240170.77
2105,105135480.0
2106,444289.25
2107,1497872.2
2108,837166.3
2109,1968341.8
2110,579881.75
2111,371539.0
2112,2520435.2
2113,806386.6
2114,1194435.5
2115,1009741.4
2116,2395432.0
2117,3260174.5
2118,97666.45
2119,836876.56
2120,602633.9
2121,238815.67
2122,389172.8
2123,227277.39
2124,1420069.1
2125,2681991.8
2126,389099.34
2127,2008462.0
2128,892823.75
2129,833269.7
2130,521670.8
2131,368886.44
2132,303287.66
2133,2917700.8
2134,321359.8
2135,3663206.2
2136,512064.97
2137,1602842.2
2138,605114.9
2139,29025332.0
2140,2122635.8
2141,15079010.0
2142,3510957.8
2143,768344.9
2144,160427.75
2145,755915.0
2146,1605182.6
2147,301366.28
2148,4196980.0
2149,419413.6
2150,343776.94
2151,872708.9
2152,190666.27
2153,326924.88
2154,327461.28
2155,17194808.0
2156,3490009.8
2157,470007.84
2158,14998064.0
2159,1518784.1
2160,9872170.0
2161,473846.0
2162,2380277.0
2163,463644.7
2164,11931960.0
2165,302299.5
2166,16735316.0
2167,522821.3
2168,494273.6
2169,498180.2
2170,1694908.1
2171,698959.7
2172,908204.44
2173,1176385.1
2174,1926351.6
2175,447596.25
2176,230028.42
2177,514648.97
2178,956825.7
2179,1900107.0
2180,4893430.0
2181,279757.03
2182,6482853.0
2183,524210.78
2184,422966.84
2185,460957.94
2186,1114196.5
2187,887707.5
2188,576493.94
2189,12691697.0
2190,852766.6
2191,165099.38
2192,2782921.2
2193,1586690.5
2194,1304727.9
2195,12352352.0
2196,4474220.0
2197,870995.25
2198,2100560.8
2199,277167.28
2200,15032317.0
2201,348647.6
2202,167780.44
2203,503398.78
2204,525839.56
2205,85834.95
2206,471218.3
2207,1338361.5
2208,411999.0
2209,2364726.2
2210,802298.9
2211,8995625.0
2212,404170.1
2213,728656.8
2214,2204026.2
2215,823418.9
2216,302758.25
2217,2353452.5
2218,895246.9
2219,798848.7
2220,4245193.5
2221,2011843.6
2222,574558.1
2223,1781784.5
2224,493449.38
2225,551480.5
2226,1298019.8
2227,1017013.75
2228,2931439.8
2229,1102574.5
2230,984168.0
2231,328804.7
2232,1014752.56
2233,1011035.5
2234,4056087.8
2235,485614.78
2236,854194.3
2237,3140752.5
2238,2207185.5
2239,502865.2
2240,528595.9
2241,2640731.0
2242,1634185.9
2243,2200607.0
2244,439049.06
2245,1283729.6
2246,213257.4
2247,2529559.2
2248,544756.25
2249,171250.42
2250,696695.6
2251,296694.3
2252,1384936.8
2253,580353.7
2254,898558.8
2255,678798.8
2256,920810.2
2257,412436.56
2258,2576632.8
2259,711273.3
2260,381441.75
2261,3278348.0
2262,294134.8
2263,220860.31
2264,113758.61
2265,600795.3
2266,575773.6
2267,957492.06
2268,957802.56
2269,6391738.0
2270,379265.72
2271,128952.625
2272,840496.6
2273,130453.27
2274,1201034.2
2275,857815.6
2276,2065020.8
2277,351327.12
2278,488931.34
2279,1092250.1
2280,1326551.5
2281,485231.0
2282,3048613.2
2283,1594432.6
2284,742914.25
2285,6026695.5
2286,1597575.8
2287,6053030.5
2288,1331060.2
2289,3009603.8
2290,1083367.8
2291,966586.0
2292,6583775.0
2293,239697.11
2294,14984911.0
2295,6040505.5
2296,864239.4
2297,474389.5
2298,1007559.75
2299,828385.75
2300,189332.3
2301,424568.84
2302,2036556.8
2303,123724.836
2304,978706.6
2305,98319.51
2306,442939.7
2307,633076.4
2308,679812.7
2309,525490.6
2310,834666.3
2311,2118120.2
2312,601231.5
2313,324368.66
2314,471107.78
2315,2175527.2
2316,199425.94
2317,238936.86
2318,3737380.8
2319,1219886.1
2320,696695.6
2321,1381031.4
2322,1523347.8
2323,2376788.2
2324,759541.1
2325,2501035.8
2326,580331.0
2327,1504137.8
2328,851609.3
2329,1207987.4
2330,6529587.5
2331,137347.2
2332,1724232.9
2333,227781.69
2334,364719.88
2335,1130019.1
2336,30135552.0
2337,1762176.9
2338,8091952.0
2339,545055.06
2340,279132.88
2341,556485.25
2342,1445571.9
2343,422966.84
2344,1598598.4
2345,150119.02
2346,481682.25
2347,8550636.0
2348,1840101.9
2349,216322.58
2350,9461831.0
2351,1094079.8
2352,1300728.6
2353,1898971.2
2354,952672.8
2355,165099.38
2356,2034454.4
2357,692711.25
2358,378419.2
2359,176480.23
2360,404391.78
2361,230317.75
2362,45035560.0
2363,3984131.8
2364,1204706.2
2365,385767.7
2366,198816.94
2367,323843.22
2368,185493.45
2369,344456.28
2370,520026.7
2371,595833.94
2372,828625.2
2373,525135.94
2374,405535.34
2375,5063350.0
2376,401990.12
2377,4199406.5
2378,6182154.0
2379,280612.62
2380,1197051.4
2381,2307184.2
2382,996052.1
2383,1464820.1
2384,1012863.3
2385,169821.98
2386,168334.98
2387,3112340.0
2388,598491.25
2389,584791.7
2390,415460.1
2391,7017354.0
2392,2487728.5
2393,420633.34
2394,3073590.8
2395,998838.3
2396,584791.7
2397,828671.8
2398,22749460.0
2399,199905.97
2400,4800650.0
2401,721689.94
2402,14997950.0
2403,1311360.5
2404,1896735.9
2405,238488.16
2406,1098296.9
2407,199889.77
2408,978507.8
2409,628040.7
2410,695102.9
2411,1712478.1
2412,2532376.0
2413,515121.8
2414,4493282.5
2415,591427.8
2416,614562.0
2417,1119604.4
2418,483171.06
2419,648822.2
2420,3312945.8
2421,1805671.4
2422,2019386.5
2423,1391711.6
2424,1190364.4
2425,996460.7
2426,2230304.5
2427,1397637.1
2428,201639.75
2429,2472480.0
2430,4381550.5
2431,2128112.5
2432,2053207.0
2433,271076.62
2434,350594.47
2435,7902602.5
2436,761425.4
2437,1201727.4
2438,2171029.5
2439,1304695.5
2440,939642.5
2441,1371660.9
2442,635381.44
2443,419678.47
2444,1785092.5
2445,317410.53
2446,345698.6
2447,978507.8
2448,2991530.0
2449,579373.2
2450,1495123.5
2451,1329422.5
2452,14563875.0
2453,14194981.0
2454,1005733.8
2455,1118793.1
2456,1990750.1
2457,1626593.5
2458,1608345.4
2459,1199341.4
2460,305010.9
2461,1203357.0
2462,1880113.4
2463,744161.56
2464,327646.84
2465,596316.0
2466,151976.97
2467,1489419.5
2468,3579232.2
2469,4509518.0
2470,73153.21
2471,581258.2
2472,15480501.0
2473,1788043.5
2474,730336.94
2475,4022596.8
2476,751416.3
2477,2762476.0
2478,403115.34
2479,2052490.5
2480,277124.47
2481,1261888.1
2482,1033875.06
2483,403911.16
2484,330551.84
2485,1196583.5
2486,2682099.0
2487,259396.75
2488,828494.75
2489,1286116.6
2490,3379776.5
2491,2973990.5
2492,274553.84
2493,1911278.6
2494,1599697.9
2495,548695.94
2496,850867.3
2497,330118.38
2498,1001549.2
2499,705071.5
2500,423194.0
2501,895246.9
2502,503398.78
2503,2698697.0
2504,1251717.1
2505,279535.94
2506,901867.5
2507,5478699.0
2508,15010370.0
2509,6255397.0
2510,865952.1
2511,518933.78
2512,3088776.5
2513,1925178.1
2514,114181.42
2515,111757.11
2516,334429.16
2517,421645.84
2518,3983751.8
2519,2905602.2
2520,290660.34
2521,133489.1
2522,521628.53
2523,323301.66
2524,4773846.0
2525,451775.84
2526,43488160.0
2527,14064810.0
2528,849458.2
2529,887067.75
2530,140083.8
2531,7948550.0
2532,2969592.0
2533,555616.1
2534,1828129.0
2535,464626.03
2536,2154438.5
2537,177793.16
2538,248781.56
2539,380882.7
2540,1094722.6
2541,12306495.0
2542,496198.2
2543,618835.3
2544,244396.98
2545,378221.47
2546,45759252.0
2547,2180714.0
2548,2481137.0
2549,325757.5
2550,760536.3
2551,315884.94
2552,3579897.8
2553,493615.53
2554,2011931.9
2555,146596.61
2556,93484.836
2557,540602.0
2558,1498319.4
2559,579180.44
2560,426837.06
2561,624724.1
2562,143144.42
2563,252844.19
2564,423838.22
2565,398853.06
2566,15778301.0
2567,3888611.8
2568,476614.7
2569,2621113.0
2570,109548.07
2571,703578.3
2572,2965581.8
2573,374335.2
2574,747062.0
2575,1234073.9
2576,226012.73
2577,4926225.0
2578,799642.94
2579,1491900.2
2580,651852.5
2581,895433.9
2582,873956.56
2583,1024185.2
2584,1005733.8
2585,61379.59
2586,452060.72
2587,18425358.0
2588,643613.4
2589,5645435.5
2590,4797304.5
2591,190158.53
2592,323334.03
2593,1901212.8
2594,8894859.0
2595,605739.56
2596,89336.96
2597,982533.44
2598,577714.1
2599,1913483.6
2600,110709.46
2601,1899012.9
2602,211381.6
2603,1590212.6
2604,573251.7
2605,1672250.4
2606,492963.03
2607,9036691.0
2608,480194.34
2609,9313575.0
2610,2598417.0
2611,505845.4
2612,8042191.5
2613,590736.7
2614,4001831.2
2615,1175545.1
2616,1586056.6
2617,939642.5
2618,4283020.5
2619,328988.5
2620,1402310.0
2621,5740154.5
2622,12224707.0
2623,68816.84
2624,492824.84
2625,546919.1
2626,371642.47
2627,315645.84
2628,529092.1
2629,581258.2
2630,822604.2
2631,1097730.4
2632,2971603.2
2633,828625.2
2634,7093318.0
2635,468474.25
2636,305289.4
2637,3549049.0
2638,1295115.2
2639,376396.06
2640,738013.5
2641,298213.7
2642,1191543.4
2643,11428809.0
2644,3486097.8
2645,476053.22
2646,3630465.8
2647,148121.39
2648,4056087.8
2649,2107308.5
2650,1094749.9
2651,926904.44
2652,279789.06
2653,492824.84
2654,551735.1
2655,5881554.0
2656,2659643.8
2657,2214390.0
2658,1981724.2
2659,2779324.8
2660,554495.0
2661,1434322.2
2662,997673.0
2663,274108.03
2664,356062.22
2665,497289.7
2666,1834605.1
2667,492153.66
2668,865506.25
2669,430741.47
2670,327646.84
2671,2091264.4
2672,997094.7
2673,3380904.8
2674,1484109.5
2675,1829915.2
2676,1012863.3
2677,1908400.9
2678,1941738.0
2679,2021924.5
2680,1925912.6
2681,7056357.5
2682,64643.93
2683,17101200.0
2684,150345.97
2685,948401.4
2686,828625.2
2687,1683269.8
2688,2561386.5
2689,399325.38
2690,732726.4
2691,1012713.6
2692,564995.4
2693,1190157.9
2694,424892.06
2695,243422.58
2696,2864284.0
2697,324697.97
2698,476533.34
2699,239605.69
2700,275014.28
2701,799951.8
2702,622741.5
2703,1295115.2
2704,648341.56
2705,501385.03
2706,30008046.0
2707,518655.72
2708,272779.38
2709,326578.7
2710,3516218.5
2711,1244245.2
2712,130624.83
2713,1558786.0
2714,3821503.0
2715,762041.4
2716,10557771.0
2717,852693.44
2718,3503088.0
2719,1094085.0
2720,909015.5
2721,999843.75
2722,595128.06
2723,345939.03
2724,479352.9
2725,3058969.5
2726,43433284.0
2727,268626.12
2728,9644327.0
2729,717027.6
2730,1105064.1
2731,3076646.5
2732,314732.94
2733,7614927.0
2734,6328458.0
2735,680556.7
2736,1176026.2
2737,276211.53
2738,2186332.2
2739,4277110.0
2740,553570.3
2741,498714.97
2742,555616.1
2743,964739.5
2744,496832.72
2745,6397117.0
2746,279535.94
2747,358360.0
2748,20138688.0
2749,6739146.5
2750,1095284.5
2751,2210117.5
2752,1598099.9
2753,2665237.2
2754,1194499.2
2755,346185.56
2756,3260174.5
2757,15037622.0
2758,2119086.0
2759,10716527.0
2760,7520700.0
2761,1335543.8
2762,579345.56
2763,2085781.0
2764,1716380.9
2765,1814276.1
2766,2597659.0
2767,53777790.0
2768,303712.56
2769,264642.34
2770,1114771.5
2771,3720120.0
2772,2345006.0
2773,1829803.5
2774,1602823.9
2775,1614769.6
2776,5962211.0
2777,260150.38
2778,926368.06
2779,1482580.4
2780,5099895.5
2781,550984.8
2782,924839.2
2783,2682099.0
2784,546355.06
2785,5533920.5
2786,93547.53
2787,577260.3
2788,2241988.8
2789,202782.73
2790,1096203.0
2791,2136085.0
2792,751434.25
2793,2177632.0
2794,840496.6
2795,28663658.0
2796,1017631.8
2797,529092.1
2798,2969739.2
2799,1391670.5
2800,2982064.8
2801,668698.3
2802,845040.06
2803,1294406.5
2804,1270139.2
2805,129750.39
2806,1009178.2
2807,21332776.0
2808,797873.4
2809,1991169.8
2810,1621528.8
2811,1188208.4
2812,539159.8
2813,14478016.0
2814,501385.03
2815,2570009.0
2816,178717.78
2817,140584.47
2818,9150994.0
2819,5302142.0
2820,247278.11
2821,338823.4
2822,347672.75
2823,471875.78
2824,3503088.0
2825,840136.8
2826,4493282.5
2827,5494820.5
2828,1313480.8
2829,2446197.8
2830,1415874.4
2831,622805.7
2832,1199341.4
2833,11723872.0
2834,417973.75
2835,573129.2
2836,1574787.2
2837,1577562.1
2838,665412.56
2839,5494757.5
2840,357769.94
2841,442517.88
2842,1123843.9
2843,58235452.0
2844,13816390.0
2845,965659.06
2846,136855.58
2847,108241.84
2848,845422.94
2849,2110146.2
2850,79475.56
2851,2087313.2
2852,645317.7
2853,391574.1
2854,5382342.0
2855,1082859.6
2856,1597918.5
2857,598076.44
2858,18172114.0
2859,398733.25
2860,1518394.6
2861,341715.06
2862,1097751.4
2863,48266364.0
2864,3153388.0
2865,2328000.0
2866,2011931.9
2867,1683552.4
2868,730858.1
2869,139667.61
2870,14666124.0
2871,2693215.5
2872,1123719.5
2873,140988.08
2874,1266381.4
2875,498134.56
2876,570832.75
2877,956299.3
2878,898362.56
2879,7416618.5
2880,53694464.0
2881,190529.39
2882,7706379.5
2883,1022568.0
2884,1091832.5
2885,208701.25
2886,952672.8
2887,1187246.6
2888,1389978.0
2889,1886559.5
2890,1155900.4
2891,1207987.4
2892,8970951.0
2893,623627.6
2894,648551.8
2895,523943.38
2896,1493080.2
2897,2208048.8
2898,6574978.0
2899,186087.38
2900,830607.9
2901,3510957.8
2902,297268.4
2903,1559499.6
2904,605114.9
2905,4910390.0
2906,3078381.0
2907,1395212.0
2908,9325556.0
2909,1014919.0
2910,3061707.0
2911,1583230.6
2912,1593022.1
2913,2686978.8
2914,738097.25
2915,207886.81
2916,6123161.0
2917,787745.0
2918,547211.8
2919,1294401.5
2920,2118150.5
2921,113124.31
2922,1968341.8
2923,3416767.0
2924,3748979.0
2925,1904070.6
2926,3535482.2
2927,5329105.5
2928,575998.25
2929,306358.34
2930,846263.5
2931,806386.6
2932,835131.3
2933,253991.2
2934,1204914.2
2935,1512738.9
2936,1308835.5
2937,2084729.0
2938,1592874.9
2939,612893.3
2940,2403661.0
2941,652910.8
2942,5941510.5
2943,730433.06
2944,920669.7
2945,1886151.1
2946,4085838.2
2947,722973.25
2948,1105064.1
2949,1386985.5
2950,471837.53
2951,303441.0
2952,2120952.2
2953,345316.72
2954,228429.08
2955,1819748.4
2956,680971.56
2957,573400.94
2958,1118414.5
2959,394129.6
2960,2094757.5
2961,974401.2
2962,1394141.4
2963,694358.2
2964,275134.7
2965,749842.9
2966,695136.0
2967,857815.6
2968,738759.94
2969,1106148.0
2970,572610.75
2971,348252.16
2972,351905.6
2973,7087435.0
2974,721689.94
2975,907269.5
2976,696695.6
2977,449715.94
2978,1911278.6
2979,5960545.5
2980,949364.25
2981,17227078.0
2982,295797.03
2983,177581.69
2984,998235.5
2985,53969020.0
2986,992516.2
2987,1857975.4
2988,1002705.56
2989,459496.38
2990,1783942.1
2991,180162.61
2992,2905602.2
2993,2310771.2
2994,2605337.5
2995,22489354.0
2996,26595038.0
2997,32597418.0
2998,6408083.0
2999,288935.5
3000,849817.94
3001,303179.22
3002,773533.4
3003,372522.12
3004,159542.22
3005,356219.5
3006,971536.75
3007,942078.6
3008,1298011.1
3009,11043723.0
3010,1610667.8
3011,1199341.4
3012,1206055.8
3013,706177.1
3014,8458622.0
3015,1901725.9
3016,691734.25
3017,405546.56
3018,233712.81
3019,651852.5
3020,1409007.4
3021,25169304.0
3022,2975772.2
3023,477858.1
3024,849174.7
3025,505845.4
3026,153633.0
3027,891117.3
3028,364552.62
3029,2930137.2
3030,326399.97
3031,524749.0
3032,108474.16
3033,567387.4
3034,1003899.7
3035,5962211.0
3036,2742895.0
3037,569159.56
3038,1487951.5
3039,1614292.4
3040,868264.25
3041,5711149.0
3042,2386489.0
3043,584876.44
3044,1105291.8
3045,627468.94
3046,460005.44
3047,304854.75
3048,198798.55
3049,230666.16
3050,11118267.0
3051,1492923.6
3052,2932446.2
3053,104103.07
3054,398597.9
3055,1335543.8
3056,38548956.0
3057,33104626.0
3058,1302846.6
3059,555732.2
3060,1399648.5
3061,81217.11
3062,2252139.8
3063,1306707.8
3064,1925912.6
3065,7477561.0
3066,1896379.6
3067,3264601.8
3068,1716511.9
3069,549612.44
3070,4212992.5
3071,1611930.9
3072,4934712.5
3073,1193450.5
3074,237040.58
3075,179460.39
3076,624348.3
3077,1395753.6
3078,3737113.5
3079,4077465.2
3080,1447033.9
3081,10407042.0
3082,840136.0
3083,326437.0
3084,2255043.5
3085,1004826.9
3086,892072.2
3087,348030.03
3088,300919.72
3089,2875234.0
3090,2509306.8
3091,1099720.2
3092,731102.8
3093,397088.97
3094,2410554.5
3095,1901958.1
3096,470867.9
3097,4543248.5
3098,4014774.8
3099,9541499.0
3100,350497.88
3101,670682.0
3102,3061707.0
3103,15968280.0
3104,375026.97
3105,640931.2
3106,895773.8
3107,3597269.8
3108,1574787.2
3109,1024998.1
3110,1022139.0
3111,3029479.0
3112,279063.4
3113,1300154.4
3114,1811107.4
3115,7017354.0
3116,8955087.0
3117,33097114.0
3118,1828129.0
3119,3508895.8
3120,773357.06
3121,654240.3
3122,224841.92
3123,773533.4
3124,733732.6
3125,484232.97
3126,190529.39
3127,250354.55
3128,2143934.2
3129,293499.6
3130,401133.84
3131,255170.42
3132,1241181.6
3133,298340.53
3134,12825906.0
3135,848565.1
3136,1102080.4
3137,157214.1
3138,2544300.5
3139,398328.1
3140,624837.94
3141,455032.7
3142,387354.38
3143,182025.05
3144,240892.66
3145,2712266.0
3146,49621104.0
3147,1196583.5
3148,951238.4
3149,521670.8
3150,1810111.0
3151,178014.06
3152,245732.66
3153,1907100.0
3154,1891724.8
3155,552412.2
3156,477058.53
3157,399273.97
3158,1930926.0
3159,1012642.1
3160,1490095.9
3161,439476.75
3162,2324014.0
3163,4056087.8
3164,906432.3
3165,593861.5
3166,150100.12
3167,5944979.0
3168,798578.25
3169,1801058.9
3170,669829.3
3171,747879.6
3172,4593954.5
3173,728285.9
3174,2550087.0
3175,2506346.0
3176,3366664.2
3177,398967.94
3178,369873.84
3179,499446.97
3180,9120500.0
3181,1991464.1
3182,1800232.9
3183,546394.7
3184,329385.3
3185,115762.28
3186,3135578.0
3187,1022568.0
3188,341601.03
3189,2981359.5
3190,396590.56
3191,935629.4
3192,713183.3
3193,1199434.0
3194,214174.17
3195,761064.56
3196,3944713.8
3197,295052.1
3198,668698.3
3199,579305.8
3200,670896.3
3201,1001549.2
3202,118965.34
3203,2237962.0
3204,4906140.0
3205,2320255.8
3206,522875.2
3207,200278.27
3208,2395973.2
3209,467476.78
3210,1185906.9
3211,912598.5
3212,456496.6
3213,570239.6
3214,1591657.0
3215,624557.3
3216,467476.78
3217,1310620.4
3218,166314.48
3219,208561.98
3220,570581.25
3221,744388.0
3222,28590874.0
3223,1014919.0
3224,1591676.8
3225,236827.05
3226,1402025.2
3227,3509253.8
3228,17319326.0
3229,3202020.5
3230,531129.0
3231,8550636.0
3232,38495760.0
3233,5634603.0
3234,519586.47
3235,6609600.0
3236,1014919.0
3237,1501642.5
3238,358344.97
3239,742065.25
3240,7017354.0
3241,676560.06
3242,199471.58
3243,512868.44
3244,238862.81
3245,837166.3
3246,751434.25
3247,853564.8
3248,549612.44
3249,3799872.5
3250,937696.4
3251,605739.56
3252,20179.11
3253,1949841.6
3254,2305673.2
3255,95245770.0
3256,1475302.5
3257,476889.3
3258,525538.25
3259,29464032.0
3260,577864.56
3261,3433376.8
3262,1166963.4
3263,185472.22
3264,2393892.8
3265,1598947.5
3266,477347.06
3267,1136503.8
3268,1777138.0
3269,1827634.0
3270,23245502.0
3271,1815075.6
3272,1514370.0
3273,204928.25
3274,13283317.0
3275,871334.25
3276,350394.6
3277,2450353.8
3278,222169.02
3279,1493080.2
3280,978706.6
3281,1194495.9
3282,470007.84
3283,9040915.0
3284,1721070.4
3285,6746657.5
3286,11325236.0
3287,326591.47
3288,744388.0
3289,96101.93
3290,2599884.5
3291,324256.72
3292,228429.08
3293,822604.2
3294,521176.03
3295,1697549.8
3296,890644.94
3297,3769047.0
3298,53995172.0
3299,2792918.2
3300,843046.25
3301,152155.36
3302,167780.44
3303,1095445.4
3304,1105712.4
3305,1360563.5
3306,2508113.0
3307,551588.9
3308,2887575.0
3309,11614279.0
3310,2922928.2
3311,212030.1
3312,732859.2
3313,14701413.0
3314,1226292.1
3315,1695381.8
3316,619671.56
3317,20985104.0
3318,4076392.2
3319,809492.56
3320,136236.11
3321,2165124.5
3322,2697238.0
3323,3114727.5
3324,397941.2
3325,1411760.6
3326,1582438.1
3327,365453.12
3328,874615.25
3329,4197696.5
3330,1591757.1
3331,3091210.5
3332,20530994.0
3333,8588934.0
3334,13643240.0
3335,508582.78
3336,922217.2
3337,1913056.6
3338,920810.2
3339,2504054.8
3340,273368.97
3341,1601691.6
3342,7009435.0
3343,1327780.4
3344,550456.94
3345,1317207.6
3346,284386.5
3347,152524.08
3348,471782.2
3349,901390.3
3350,1601691.6
3351,553873.94
3352,1219951.2
3353,505717.12
3354,721722.94
3355,267106.66
3356,601070.94
3357,330212.5
3358,446085.6
3359,555279.25
3360,1493142.9
3361,873896.56
3362,623533.7
3363,497064.47
3364,1612865.9
3365,741252.56
3366,169536.55
3367,252082.16
3368,2634907.5
3369,451066.38
3370,121977.414
3371,1199179.0
3372,8507494.0
3373,1201070.9
3374,182866.66
3375,2050260.2
3376,6464147.0
3377,36261500.0
3378,422542.3
3379,605739.56
3380,704853.6
3381,946469.6
3382,15968280.0
3383,185250.55
3384,228971.73
3385,189178.33
3386,190529.39
3387,908558.75
3388,142394.08
3389,770294.25
3390,2214390.0
3391,474692.7
3392,2387071.8
3393,2091689.2
3394,18483402.0
3395,2071429.1
3396,324522.44
3397,782320.2
3398,762404.1
3399,522821.3
3400,443068.12
3401,5058794.0
3402,3509253.8
3403,102845.78
3404,149504.67
3405,999483.4
3406,731522.7
3407,346167.4
3408,153633.0
3409,788152.3
3410,8028359.5
3411,3317795.8
3412,699720.0
3413,220379.12
3414,2302102.8
3415,760884.56
3416,2580737.2
3417,1829915.2
3418,821544.25
3419,8867274.0
3420,14984911.0
3421,2841240.5
3422,901806.44
3423,595833.94
3424,697388.3
3425,1778362.1
3426,531129.0
3427,2290666.5
3428,606238.9
3429,296236.0
3430,904749.1
3431,377792.84
3432,530078.0
3433,1197051.4
3434,767000.75
3435,210841.83
3436,424736.9
3437,580331.0
3438,1291147.9
3439,7459960.5
3440,2324014.0
3441,479245.97
3442,596837.75
3443,1471685.5
3444,28684386.0
3445,1197150.8
3446,1012642.1
3447,701277.9
3448,304581.6
3449,1594949.8
3450,1014919.0
3451,577864.56
3452,2742895.0
3453,138986.62
3454,4830252.5
3455,1968341.8
3456,522704.16
3457,14851745.0
3458,700625.44
3459,5478699.0
3460,1810433.9
3461,3807802.5
3462,2052151.9
3463,6452807.5
3464,637340.44
3465,553953.2
3466,159508.14
3467,1610667.8
3468,2528054.2
3469,966586.0
3470,22355066.0
3471,322515.44
3472,537102.9
3473,1079078.2
3474,1411469.9
3475,751775.44
3476,1203959.6
3477,601161.5
3478,452330.7
3479,233015.11
3480,405528.78
3481,760411.56
3482,582499.0
3483,457601.53
3484,1190157.9
3485,4150921.0
3486,527178.7
3487,529591.94
3488,7415232.0
3489,1210567.1
3490,701409.0
3491,1591110.6
3492,446265.16
3493,326073.9
3494,11460680.0
3495,645689.5
3496,741611.75
3497,3216021.5
3498,2080695.0
3499,1494626.0
3500,650175.56
3501,372698.4
3502,343965.2
3503,993756.0
3504,1079078.2
3505,540740.7
3506,37335.73
3507,293103.5
3508,210475.17
3509,347542.47
3510,228904.92
3511,1080368.5
3512,770011.5
3513,3310195.0
3514,9666777.0
3515,1311920.9
3516,821544.25
3517,1235827.5
3518,1591620.5
3519,124128.68
3520,3505925.5
3521,2214390.0
3522,219312.58
3523,796688.0
3524,321545.6
3525,35498404.0
3526,1574593.5
3527,2822449.5
3528,1887405.2
3529,469803.06
3530,1310830.4
3531,344185.38
3532,520163.06
3533,47341296.0
3534,576695.2
3535,105101.94
3536,609999.9
3537,1917601.2
3538,9631827.0
3539,2770023.8
3540,1688338.9
3541,1194435.5
3542,28354908.0
3543,3233856.5
3544,3582736.0
3545,697313.8
3546,78975976.0
3547,697161.56
3548,497011.84
3549,1829063.8
3550,70207.82
3551,375183.66
3552,775736.3
3553,1177810.9
3554,385053.53
3555,294134.8
3556,1247140.4
3557,1802887.2
3558,581613.6
3559,777468.6
3560,996460.7
3561,66410130.0
3562,553873.94
3563,957492.06
3564,208701.25
3565,1209880.5
3566,697161.56
3567,682498.1
3568,874615.25
3569,4214154.0
3570,4980032.0
3571,110713.266
3572,375166.12
3573,227733.25
3574,302213.03
3575,342471.62
3576,1392900.0
3577,1819904.6
3578,2237153.2
3579,527373.8
3580,275335.75
3581,1630670.5
3582,1594432.6
3583,699185.7
3584,7895950.5
3585,3029479.0
3586,1296457.2
3587,1826283.6
3588,916235.0
3589,903728.94
3590,1120119.1
3591,3288148.5
3592,1501307.4
3593,721689.94
3594,629630.5
3595,857815.6
3596,915730.06
3597,5434731.0
3598,1488952.2
3599,487283.03
3600,1789055.0
3601,1205614.2
3602,1474716.0
3603,676087.94
3604,584791.7
3605,1768481.8
3606,303309.38
3607,626832.0
3608,2292959.2
3609,1907100.0
3610,1204179.0
3611,3078410.5
3612,233275.7
3613,3490029.8
3614,86752.23
3615,1702829.0
3616,326781.8
3617,1532950.2
3618,2954676.5
3619,3069627.2
3620,1311578.1
3621,4675430.0
3622,864239.4
3623,1396579.2
3624,2774851.8
3625,2991530.0
3626,6396690.0
3627,721490.4
3628,1206055.8
3629,149484.28
3630,1261938.8
3631,3588713.5
3632,1990102.9
3633,503398.78
3634,3568924.8
3635,6394402.5
3636,311084.88
3637,576474.2
3638,480999.66
3639,1794564.2
3640,1917608.5
3641,815904.56
3642,34156850.0
3643,297096.38
3644,547682.25
3645,895246.9
3646,4333974.5
3647,101379110.0
3648,751295.25
3649,2418457.2
3650,797540.94
3651,1886221.2
3652,963387.06
3653,501940.0
3654,18078702.0
3655,1423419.5
3656,1319045.4
3657,635381.44
3658,4177744.0
3659,699385.1
3660,1594949.8
3661,584791.7
3662,768791.25
3663,1537107.8
3664,348469.44
3665,377726.56
3666,974019.3
3667,1687508.2
3668,2352902.5
3669,1200980.4
3670,821544.25
3671,606316.94
3672,547394.5
3673,79894.75
3674,60064.676
3675,5271985.0
3676,1492631.8
3677,570630.25
3678,5983075.5
3679,691006.3
3680,1606760.1
3681,526068.3
3682,1197180.4
3683,2288070.8
3684,670682.0
3685,556484.2
3686,219958.34
3687,497951.72
3688,460657.34
3689,2770023.8
3690,730858.1
3691,152844.28
3692,2321083.5
3693,1214958.8
3694,735283.5
3695,1196795.8
3696,494273.6
3697,323938.03
3698,6030588.0
3699,729302.7
3700,813733.4
3701,625505.06
3702,476533.34
3703,241259.12
3704,239663.27
3705,770002.7
3706,6157993.5
3707,1514370.0
3708,985277.06
3709,1338361.5
3710,695573.7
3711,17107170.0
3712,500118.56
3713,1005591.9
3714,800016.7
3715,1222276.9
3716,580949.5
3717,483171.06
3718,1103271.9
3719,4301797.5
3720,1917056.2
3721,2085635.9
3722,10333402.0
3723,2085635.9
3724,1581219.2
3725,501714.6
3726,615309.7
3727,1688443.5
3728,348564.5
3729,158668.53
3730,376396.06
3731,427981.22
3732,1695794.1
3733,3597269.8
3734,1897991.8
3735,501385.03
3736,589187.75
3737,502498.94
3738,450993.7
3739,241045.02
3740,1292379.9
3741,150119.02
3742,903605.7
3743,524082.8
3744,8879070.0
3745,965584.5
3746,1144705.5
3747,1124085.0
3748,983114.56
3749,454819.22
3750,1307630.2
3751,981301.06
3752,129877.66
3753,1285547.6
3754,2290666.5
3755,428285.8
3756,4769405.0
3757,448172.9
3758,11983231.0
3759,526051.75
3760,1683269.8
3761,1104039.1
3762,224399.56
3763,422521.75
3764,1006158.8
3765,1490058.9
3766,3372905.2
3767,325706.84
3768,895246.9
3769,403231.84
3770,81821670.0
3771,852693.44
3772,9498972.0
3773,3739102.8
3774,1386129.9
3775,423676.16
3776,205831.6
3777,106542.26
3778,800572.3
3779,931996.8
3780,102659.89
3781,4424384.0
3782,2380701.5
3783,12415300.0
3784,22438708.0
3785,1411760.6
3786,55658930.0
3787,628040.7
3788,144064.47
3789,542923.9
3790,12078414.0
3791,2107061.5
3792,237511.94
3793,994635.9
3794,697647.75
3795,2252139.8
3796,1895307.5
3797,717027.6
3798,199983.2
3799,1369583.9
3800,871871.2
3801,487401.06
3802,4494264.0
3803,4842114.5
3804,924315.44
3805,4169099.2
3806,1109487.6
3807,352471.2
3808,17164530.0
3809,988544.94
3810,4593034.5
3811,702072.2
3812,1402025.2
3813,920669.7
3814,1403510.1
3815,501520.84
3816,3293069.2
3817,1428343.5
3818,650015.0
3819,550130.0
3820,655596.25
3821,3349795.8
3822,501426.16
3823,5717459.5
3824,878856.06
3825,296001.9
3826,452578.8
3827,762404.1
3828,828190.6
3829,2586535.0
3830,1105712.4
3831,71435.16
3832,1610667.8
3833,250920.33
3834,172420.66
3835,1724232.9
3836,11818258.0
3837,936983.94
3838,2287798.0
3839,896955.2
3840,844843.44
3841,840112.75
3842,9554903.0
3843,622741.5
3844,42448200.0
3845,653567.44
3846,948086.7
3847,1535403.9
